Name,BlockType,SourceType,SourceBlock,Category,SystemFile
33KV_Source,Reference,Three-Phase Source,spsThreePhaseSourceLib/Three-Phase Source,Source,system_root.xml
CB_BUS1_B3,Reference,Three-Phase Breaker,spsThreePhaseBreakerLib/Three-Phase Breaker,Breaker,system_root.xml
CB_BUS1_B4,Reference,Three-Phase Breaker,spsThreePhaseBreakerLib/Three-Phase Breaker,Breaker,system_root.xml
CB_MAIN,Reference,Three-Phase Breaker,spsThreePhaseBreakerLib/Three-Phase Breaker,Breaker,system_root.xml
CB_T2_BUS5,Reference,Three-Phase Breaker,spsThreePhaseBreakerLib/Three-Phase Breaker,Breaker,system_root.xml
"Constant
CB_BUS1_B3",Constant,,,,system_root.xml
"Constant
CB_BUS1_B4",Constant,,,,system_root.xml
"Constant
CB_MAIN",Constant,,,,system_root.xml
"Constant
CB_T2_BUS5",Constant,,,,system_root.xml
"Constant
TIE_B4_B5",Constant,,,TieSwitch,system_root.xml
DL_B2,Reference,Three-Phase Series RLC Load,"spsThreePhaseSeriesRLCLoadLib/Three-Phase
Series RLC Load",Load,system_root.xml
DL_B3,Reference,Three-Phase Series RLC Load,"spsThreePhaseSeriesRLCLoadLib/Three-Phase
Series RLC Load",Load,system_root.xml
DL_B4,Reference,Three-Phase Series RLC Load,"spsThreePhaseSeriesRLCLoadLib/Three-Phase
Series RLC Load",Load,system_root.xml
DL_B5,Reference,Three-Phase Series RLC Load,"spsThreePhaseSeriesRLCLoadLib/Three-Phase
Series RLC Load",Load,system_root.xml
Fault_B2,Reference,Three-Phase Fault,spsThreePhaseFaultLib/Three-Phase Fault,Fault,system_root.xml
Fault_B3,Reference,Three-Phase Fault,spsThreePhaseFaultLib/Three-Phase Fault,Fault,system_root.xml
Fault_B4,Reference,Three-Phase Fault,spsThreePhaseFaultLib/Three-Phase Fault,Fault,system_root.xml
Fault_B5,Reference,Three-Phase Fault,spsThreePhaseFaultLib/Three-Phase Fault,Fault,system_root.xml
LINE_B1_B2,Reference,Three-Phase PI Section Line,"spsThreePhasePISectionLineLib/Three-Phase
PI Section Line",Line,system_root.xml
LINE_B1_B3,Reference,Three-Phase PI Section Line,"spsThreePhasePISectionLineLib/Three-Phase
PI Section Line",Line,system_root.xml
LINE_B1_B4,Reference,Three-Phase PI Section Line,"spsThreePhasePISectionLineLib/Three-Phase
PI Section Line",Line,system_root.xml
LINE_B5_TIE,Reference,Three-Phase PI Section Line,"spsThreePhasePISectionLineLib/Three-Phase
PI Section Line",TieSwitch,system_root.xml
Measurement DL_B2,Reference,Three-Phase VI Measurement,"spsThreePhaseVIMeasurementLib/Three-Phase
V-I Measurement",Measurement,system_root.xml
Measurement DL_B3,Reference,Three-Phase VI Measurement,"spsThreePhaseVIMeasurementLib/Three-Phase
V-I Measurement",Measurement,system_root.xml
Measurement DL_B4,Reference,Three-Phase VI Measurement,"spsThreePhaseVIMeasurementLib/Three-Phase
V-I Measurement",Measurement,system_root.xml
Measurement DL_B5,Reference,Three-Phase VI Measurement,"spsThreePhaseVIMeasurementLib/Three-Phase
V-I Measurement",Measurement,system_root.xml
RMS_I_33KV_Source,Reference,RMS,spsRMSLib/RMS,Measurement,system_root.xml
RMS_I_B2,Reference,RMS,spsRMSLib/RMS,Measurement,system_root.xml
RMS_I_B3,SubSystem,,,Measurement,system_root.xml
RMS_I_B4,SubSystem,,,Measurement,system_root.xml
RMS_I_B5,SubSystem,,,Measurement,system_root.xml
RMS_I_T1,Reference,RMS,spsRMSLib/RMS,Measurement,system_root.xml
RMS_I_T2,SubSystem,,,Measurement,system_root.xml
RMS_V_33KV_Source,Reference,RMS,spsRMSLib/RMS,Measurement,system_root.xml
RMS_V_B2,Reference,RMS,spsRMSLib/RMS,Measurement,system_root.xml
RMS_V_B3,SubSystem,,,Measurement,system_root.xml
RMS_V_B4,SubSystem,,,Measurement,system_root.xml
RMS_V_B5,SubSystem,,,Measurement,system_root.xml
RMS_V_T1,Reference,RMS,spsRMSLib/RMS,Measurement,system_root.xml
RMS_V_T2,SubSystem,,,Measurement,system_root.xml
"Scope
DL_B2
Current",Scope,,,,system_root.xml
"Scope
DL_B2
Voltage",Scope,,,,system_root.xml
"Scope
DL_B3
Current",Scope,,,,system_root.xml
"Scope
DL_B3
Voltage",Scope,,,,system_root.xml
"Scope
DL_B4
Current",Scope,,,,system_root.xml
"Scope
DL_B4
Voltage",Scope,,,,system_root.xml
"Scope
DL_B5
Current",Scope,,,,system_root.xml
"Scope
DL_B5
Voltage",Scope,,,,system_root.xml
"Scope 
current
at T1",Scope,,,,system_root.xml
"Scope 
current
source",Scope,,,,system_root.xml
"Scope 
voltage
at T1",Scope,,,,system_root.xml
"Scope 
voltage
source",Scope,,,,system_root.xml
Scope2,Scope,,,,system_root.xml
Scope6,Scope,,,,system_root.xml
T1 33KV-11KV,Reference,Three-Phase Transformer (Two Windings),"spsThreePhaseTransformerTwoWindingsLib/Three-Phase
Transformer
(Two Windings)",Transformer,system_root.xml
"T2 33KV-11KV 
AUX",Reference,Three-Phase Transformer (Two Windings),"spsThreePhaseTransformerTwoWindingsLib/Three-Phase
Transformer
(Two Windings)",Transformer,system_root.xml
TIE_SWITCH,Reference,Three-Phase Breaker,spsThreePhaseBreakerLib/Three-Phase Breaker,TieSwitch,system_root.xml
"Three-Phase
V-I Measurement
Source 33KV",Reference,Three-Phase VI Measurement,"spsThreePhaseVIMeasurementLib/Three-Phase
V-I Measurement",Measurement,system_root.xml
"Three-Phase
V-I Measurement
T2 11KV",Reference,Three-Phase VI Measurement,"spsThreePhaseVIMeasurementLib/Three-Phase
V-I Measurement",Measurement,system_root.xml
"Three-Phase
V-I Measurement 
T1 11KV",Reference,Three-Phase VI Measurement,"spsThreePhaseVIMeasurementLib/Three-Phase
V-I Measurement",Measurement,system_root.xml
To Workspace,ToWorkspace,,,,system_root.xml
To Workspace1,ToWorkspace,,,,system_root.xml
To Workspace10,ToWorkspace,,,,system_root.xml
To Workspace11,ToWorkspace,,,,system_root.xml
To Workspace12,ToWorkspace,,,,system_root.xml
To Workspace13,ToWorkspace,,,,system_root.xml
To Workspace2,ToWorkspace,,,,system_root.xml
To Workspace3,ToWorkspace,,,,system_root.xml
To Workspace4,ToWorkspace,,,,system_root.xml
To Workspace5,ToWorkspace,,,,system_root.xml
To Workspace6,ToWorkspace,,,,system_root.xml
To Workspace7,ToWorkspace,,,,system_root.xml
To Workspace8,ToWorkspace,,,,system_root.xml
To Workspace9,ToWorkspace,,,,system_root.xml
powergui,Reference,PSB option menu block,spspowerguiLib/powergui,,system_root.xml
In,Inport,,,,system_126.xml
Constant,Constant,,,,system_126.xml
Data Type Conversion,DataTypeConversion,,,,system_126.xml
"Logical
Operator",Logic,,,,system_126.xml
RMS,SubSystem,,,Measurement,system_126.xml
Switch,Switch,,,,system_126.xml
TrueRMS,SubSystem,,,Measurement,system_126.xml
RMS,Outport,,,Measurement,system_126.xml
In,Inport,,,,system_126_2028.xml
Enable,EnablePort,,,,system_126_2028.xml
Fourier1,Reference,Fourier,spsFourierLib/Fourier,,system_126_2028.xml
Gain,Gain,,,,system_126_2028.xml
Terminator,Terminator,,,,system_126_2028.xml
RMS,Outport,,,Measurement,system_126_2028.xml
In,Inport,,,,system_126_2037.xml
Enable,EnablePort,,,,system_126_2037.xml
Mean value,Reference,Mean,spsMeanLib/Mean,,system_126_2037.xml
Product,Product,,,,system_126_2037.xml
"Saturation
to avoid
negative sqrt",Saturate,,,,system_126_2037.xml
Sqrt,Sqrt,,,,system_126_2037.xml
RMS,Outport,,,Measurement,system_126_2037.xml
In,Inport,,,,system_128.xml
Constant,Constant,,,,system_128.xml
Data Type Conversion,DataTypeConversion,,,,system_128.xml
"Logical
Operator",Logic,,,,system_128.xml
RMS,SubSystem,,,Measurement,system_128.xml
Switch,Switch,,,,system_128.xml
TrueRMS,SubSystem,,,Measurement,system_128.xml
RMS,Outport,,,Measurement,system_128.xml
In,Inport,,,,system_128_2028.xml
Enable,EnablePort,,,,system_128_2028.xml
Fourier1,Reference,Fourier,spsFourierLib/Fourier,,system_128_2028.xml
Gain,Gain,,,,system_128_2028.xml
Terminator,Terminator,,,,system_128_2028.xml
RMS,Outport,,,Measurement,system_128_2028.xml
In,Inport,,,,system_128_2037.xml
Enable,EnablePort,,,,system_128_2037.xml
Mean value,Reference,Mean,spsMeanLib/Mean,,system_128_2037.xml
Product,Product,,,,system_128_2037.xml
"Saturation
to avoid
negative sqrt",Saturate,,,,system_128_2037.xml
Sqrt,Sqrt,,,,system_128_2037.xml
RMS,Outport,,,Measurement,system_128_2037.xml
In,Inport,,,,system_130.xml
Constant,Constant,,,,system_130.xml
Data Type Conversion,DataTypeConversion,,,,system_130.xml
"Logical
Operator",Logic,,,,system_130.xml
RMS,SubSystem,,,Measurement,system_130.xml
Switch,Switch,,,,system_130.xml
TrueRMS,SubSystem,,,Measurement,system_130.xml
RMS,Outport,,,Measurement,system_130.xml
In,Inport,,,,system_130_2028.xml
Enable,EnablePort,,,,system_130_2028.xml
Fourier1,Reference,Fourier,spsFourierLib/Fourier,,system_130_2028.xml
Gain,Gain,,,,system_130_2028.xml
Terminator,Terminator,,,,system_130_2028.xml
RMS,Outport,,,Measurement,system_130_2028.xml
In,Inport,,,,system_130_2037.xml
Enable,EnablePort,,,,system_130_2037.xml
Mean value,Reference,Mean,spsMeanLib/Mean,,system_130_2037.xml
Product,Product,,,,system_130_2037.xml
"Saturation
to avoid
negative sqrt",Saturate,,,,system_130_2037.xml
Sqrt,Sqrt,,,,system_130_2037.xml
RMS,Outport,,,Measurement,system_130_2037.xml
In,Inport,,,,system_147.xml
Constant,Constant,,,,system_147.xml
Data Type Conversion,DataTypeConversion,,,,system_147.xml
"Logical
Operator",Logic,,,,system_147.xml
RMS,SubSystem,,,Measurement,system_147.xml
Switch,Switch,,,,system_147.xml
TrueRMS,SubSystem,,,Measurement,system_147.xml
RMS,Outport,,,Measurement,system_147.xml
In,Inport,,,,system_147_2028.xml
Enable,EnablePort,,,,system_147_2028.xml
Fourier1,Reference,Fourier,spsFourierLib/Fourier,,system_147_2028.xml
Gain,Gain,,,,system_147_2028.xml
Terminator,Terminator,,,,system_147_2028.xml
RMS,Outport,,,Measurement,system_147_2028.xml
In,Inport,,,,system_147_2037.xml
Enable,EnablePort,,,,system_147_2037.xml
Mean value,Reference,Mean,spsMeanLib/Mean,,system_147_2037.xml
Product,Product,,,,system_147_2037.xml
"Saturation
to avoid
negative sqrt",Saturate,,,,system_147_2037.xml
Sqrt,Sqrt,,,,system_147_2037.xml
RMS,Outport,,,Measurement,system_147_2037.xml
In,Inport,,,,system_127.xml
Constant,Constant,,,,system_127.xml
Data Type Conversion,DataTypeConversion,,,,system_127.xml
"Logical
Operator",Logic,,,,system_127.xml
RMS,SubSystem,,,Measurement,system_127.xml
Switch,Switch,,,,system_127.xml
TrueRMS,SubSystem,,,Measurement,system_127.xml
RMS,Outport,,,Measurement,system_127.xml
In,Inport,,,,system_127_2028.xml
Enable,EnablePort,,,,system_127_2028.xml
Fourier1,Reference,Fourier,spsFourierLib/Fourier,,system_127_2028.xml
Gain,Gain,,,,system_127_2028.xml
Terminator,Terminator,,,,system_127_2028.xml
RMS,Outport,,,Measurement,system_127_2028.xml
In,Inport,,,,system_127_2037.xml
Enable,EnablePort,,,,system_127_2037.xml
Mean value,Reference,Mean,spsMeanLib/Mean,,system_127_2037.xml
Product,Product,,,,system_127_2037.xml
"Saturation
to avoid
negative sqrt",Saturate,,,,system_127_2037.xml
Sqrt,Sqrt,,,,system_127_2037.xml
RMS,Outport,,,Measurement,system_127_2037.xml
In,Inport,,,,system_129.xml
Constant,Constant,,,,system_129.xml
Data Type Conversion,DataTypeConversion,,,,system_129.xml
"Logical
Operator",Logic,,,,system_129.xml
RMS,SubSystem,,,Measurement,system_129.xml
Switch,Switch,,,,system_129.xml
TrueRMS,SubSystem,,,Measurement,system_129.xml
RMS,Outport,,,Measurement,system_129.xml
In,Inport,,,,system_129_2028.xml
Enable,EnablePort,,,,system_129_2028.xml
Fourier1,Reference,Fourier,spsFourierLib/Fourier,,system_129_2028.xml
Gain,Gain,,,,system_129_2028.xml
Terminator,Terminator,,,,system_129_2028.xml
RMS,Outport,,,Measurement,system_129_2028.xml
In,Inport,,,,system_129_2037.xml
Enable,EnablePort,,,,system_129_2037.xml
Mean value,Reference,Mean,spsMeanLib/Mean,,system_129_2037.xml
Product,Product,,,,system_129_2037.xml
"Saturation
to avoid
negative sqrt",Saturate,,,,system_129_2037.xml
Sqrt,Sqrt,,,,system_129_2037.xml
RMS,Outport,,,Measurement,system_129_2037.xml
In,Inport,,,,system_131.xml
Constant,Constant,,,,system_131.xml
Data Type Conversion,DataTypeConversion,,,,system_131.xml
"Logical
Operator",Logic,,,,system_131.xml
RMS,SubSystem,,,Measurement,system_131.xml
Switch,Switch,,,,system_131.xml
TrueRMS,SubSystem,,,Measurement,system_131.xml
RMS,Outport,,,Measurement,system_131.xml
In,Inport,,,,system_131_2028.xml
Enable,EnablePort,,,,system_131_2028.xml
Fourier1,Reference,Fourier,spsFourierLib/Fourier,,system_131_2028.xml
Gain,Gain,,,,system_131_2028.xml
Terminator,Terminator,,,,system_131_2028.xml
RMS,Outport,,,Measurement,system_131_2028.xml
In,Inport,,,,system_131_2037.xml
Enable,EnablePort,,,,system_131_2037.xml
Mean value,Reference,Mean,spsMeanLib/Mean,,system_131_2037.xml
Product,Product,,,,system_131_2037.xml
"Saturation
to avoid
negative sqrt",Saturate,,,,system_131_2037.xml
Sqrt,Sqrt,,,,system_131_2037.xml
RMS,Outport,,,Measurement,system_131_2037.xml
In,Inport,,,,system_146.xml
Constant,Constant,,,,system_146.xml
Data Type Conversion,DataTypeConversion,,,,system_146.xml
"Logical
Operator",Logic,,,,system_146.xml
RMS,SubSystem,,,Measurement,system_146.xml
Switch,Switch,,,,system_146.xml
TrueRMS,SubSystem,,,Measurement,system_146.xml
RMS,Outport,,,Measurement,system_146.xml
In,Inport,,,,system_146_2028.xml
Enable,EnablePort,,,,system_146_2028.xml
Fourier1,Reference,Fourier,spsFourierLib/Fourier,,system_146_2028.xml
Gain,Gain,,,,system_146_2028.xml
Terminator,Terminator,,,,system_146_2028.xml
RMS,Outport,,,Measurement,system_146_2028.xml
In,Inport,,,,system_146_2037.xml
Enable,EnablePort,,,,system_146_2037.xml
Mean value,Reference,Mean,spsMeanLib/Mean,,system_146_2037.xml
Product,Product,,,,system_146_2037.xml
"Saturation
to avoid
negative sqrt",Saturate,,,,system_146_2037.xml
Sqrt,Sqrt,,,,system_146_2037.xml
RMS,Outport,,,Measurement,system_146_2037.xml
